"","ri","ni","yi","vi"
"1",0.43,44,0.459896681212679,0.024390243902439
"2",0.21,122,0.21317134656486,0.00840336134453781
"3",0.67,211,0.810743125475137,0.00480769230769231
"4",0.56,111,0.632833186665638,0.00925925925925926
"5",0.49,321,0.536060336610567,0.00314465408805031
"6",0.12,25,0.120581028408444,0.0454545454545455
"7",0.25,241,0.255412811882995,0.00420168067226891
"8",0.33,111,0.342828254415394,0.00925925925925926
